{"cameraMode":{"drawMode":0,"name":"Shaded","section":"Shading Mode"},"sceneLighting":false,"audioPlay":false,"sceneViewState":{"m_AlwaysRefresh":false,"showFog":true,"showSkybox":false,"showFlares":true,"showImageEffects":true,"showParticleSystems":true,"showVisualEffectGraphs":true,"m_FxEnabled":true},"in2DMode":false,"pivot":{"x":0.19018511474132539,"y":0.8400396704673767,"z":-0.8928803205490112},"rotation":{"x":0.00557113578543067,"y":0.9865010976791382,"z":-0.16002073884010316,"w":0.034344978630542758},"size":1.544338345527649,"orthographic":false}